date,zone_id,zone_name,basin_name,river_discharge_m3s,discharge_3d_rolling_avg
2023-01-01,0,Bandra-Santacruz,Mithi River Basin,0.79,0.79
2023-01-02,0,Bandra-Santacruz,Mithi River Basin,0.77,0.78
2023-01-03,0,Bandra-Santacruz,Mithi River Basin,0.76,0.7733333333333334
2023-01-04,0,Bandra-Santacruz,Mithi River Basin,0.77,0.7666666666666666
2023-01-05,0,Bandra-Santacruz,Mithi River Basin,0.77,0.7666666666666666
2023-01-06,0,Bandra-Santacruz,Mithi River Basin,0.77,0.77
2023-01-07,0,Bandra-Santacruz,Mithi River Basin,0.77,0.77
2023-01-08,0,Bandra-Santacruz,Mithi River Basin,0.77,0.77
2023-01-09,0,Bandra-Santacruz,Mithi River Basin,0.77,0.77
2023-01-10,0,Bandra-Santacruz,Mithi River Basin,0.77,0.77
